DROP TABLE IF EXISTS User;
DROP TABLE IF EXISTS Likes;
DROP TABLE IF EXISTS Song;
DROP TABLE IF EXISTS Created;
DROP TABLE IF EXISTS Follows;
DROP TABLE IF EXISTS Remix;
DROP TABLE IF EXISTS Artist;
DROP TABLE IF EXISTS Remixed;
DROP TABLE IF EXISTS PushNotification;

CREATE TABLE User (
  Id INTEGER PRIMARY KEY AUTOINCREMENT,
  FirstName TEXT NOT NULL,
  LastName TEXT NOT NULL,
  Email TEXT UNIQUE NOT NULL,
  Password TEXT NOT NULL,
  SongOfWeek TEXT
);

CREATE TABLE Song (
  SongId INTEGER PRIMARY KEY AUTOINCREMENT,
  SongName TEXT NOT NULL,
  Genre TEXT NOT NULL,
  Song_Url TEXT NOT NULL
);

CREATE TABLE PushNotification (
  NotificationId INTEGER PRIMARY KEY AUTOINCREMENT,
  UserId INTEGER NOT NULL,
  MessageText TEXT NOT NULL,
  Song_Url TEXT NOT NULL,
  FOREIGN KEY (UserId) REFERENCES User(Id)
);

CREATE TABLE Follows (
  FollowerId INTEGER NOT NULL,
  FolloweeId INTEGER NOT NULL,
  PRIMARY KEY(FollowerId, FolloweeId),
  FOREIGN KEY (FollowerId) REFERENCES User(Id),
  FOREIGN KEY (FolloweeId) REFERENCES User(Id)
);

CREATE TABLE Likes (
  UserId INTEGER NOT NULL,
  SongId INTEGER NOT NULL,
  PRIMARY KEY(UserId, SongId),
  FOREIGN KEY (UserId) REFERENCES User(Id),
  FOREIGN KEY (SongId) REFERENCES Song(Id)
);


INSERT OR REPLACE INTO User (Id, FirstName, LastName, Email, Password) Values (1,'Vibha','Pandurangi','vpan2@illinois.edu','pbkdf2:sha256:150000$kscz2obl$92f570de9caf9be74615755c10037dd7f66f1b42b6636a86587ac98e65635422');
INSERT OR REPLACE INTO User (Id, FirstName, LastName, Email, Password) Values (2,'Hana','Rimawi','hanabana@gmail.com','pbkdf2:sha256:150000$7KUWxdJy$2284cd18a6641234f5d9a96bd8406f4df3231a386ef44bfbb4c23805eef8f0c1');
INSERT OR REPLACE INTO User (Id, FirstName, LastName, Email, Password) Values (3,'Alan','Fang','ayyyfang@gmail.com','pbkdf2:sha256:150000$IFWMg0Be$fad9d7ea9487a0cc8cc25bc2aa404f0391c3293f36f38c2c9947459356d83522');
INSERT OR REPLACE INTO User (Id, FirstName, LastName, Email, Password) Values (4,'Ema','Milojkovic','emamil@gmail.com','pbkdf2:sha256:150000$be4PSKF1$7234e4b3ecc460fe087e4285789e788e818ddfd7f75eea92059eda264407bbd8');
INSERT OR REPLACE INTO User (Id, FirstName, LastName, Email, Password) Values (5,'Pavani','Malli','mallip@gmail.com','pbkdf2:sha256:150000$s8dnsPia$0a5b4e3b3bf0c964cfd3768f207b98b13b9d6c004b4e9aeef337816be59cd9e5');
INSERT OR REPLACE INTO User (Id, FirstName, LastName, Email, Password) Values (6,'Neha','Bhargava','nehab542@gmail.com','pbkdf2:sha256:150000$3CfItuu6$88a1c134852d64c16b8944ffc9e034a08250c8f76e67edb7cec73e563432ed10');
INSERT OR REPLACE INTO User (Id, FirstName, LastName, Email, Password) Values (7,'Aria','Malkani','arialovesdogs3@gmail.com','pbkdf2:sha256:150000$l289TZTT$2cc0e6825788d85d789f3fef55eabc76e1617ba5ffcdf2976f7f8343c6cf33dd');
INSERT OR REPLACE INTO User (Id, FirstName, LastName, Email, Password) Values (8,'Angad','Garg','angodg@gmail.com','pbkdf2:sha256:150000$fxAReCDV$b774ea2231bd113b7fc63e70304a0f1f5de1d660c128ebecc16ab6a9ac67f29f');
INSERT OR REPLACE INTO User (Id, FirstName, LastName, Email, Password) Values (9,'Alan','Ren','renning@gmail.com','pbkdf2:sha256:150000$TgjhXa8e$784d5daef1bdb6a02c8c305785cfa01fac1a9619f11c7df9a7a668bf76190ef5');
INSERT OR REPLACE INTO User (Id, FirstName, LastName, Email, Password) Values (10,'Betty ','Shen','bshen58@gmail.com','pbkdf2:sha256:150000$5LeYsi6G$f545f0abfa9808a5aba83a549b3ce0e1f7a15c2bc726887f5ab0e6daa1f30bcf');
INSERT OR REPLACE INTO User (Id, FirstName, LastName, Email, Password) Values (11,'Josh','Burke','burkenstocklover2@gmail.com','pbkdf2:sha256:150000$MvdZSHDV$709faf0ead37137df927be8c6ad1a3ea0c22cc5f53b1680219fd191907c8ad60');
INSERT OR REPLACE INTO User (Id, FirstName, LastName, Email, Password) Values (12,'Priyanka','Balakumar','pribala@gmail.com','pbkdf2:sha256:150000$dv3PObZO$64176c600589cffc254ade59af53c0319483d98fe37c4ae06ede7e475600c9b3');
INSERT OR REPLACE INTO User (Id, FirstName, LastName, Email, Password) Values (13,'Helena','Chi','helenachichi@gmail.com','pbkdf2:sha256:150000$hyiG3d71$c1cc3b45c785884a7b6a85a0231b2d04d3e1489cdf66bd36bf27cd5d368ff012');
INSERT OR REPLACE INTO User (Id, FirstName, LastName, Email, Password) Values (14,'Tiger','Zha','liontigerzha@gmail.com','pbkdf2:sha256:150000$RkQV020u$290147839664c558eab658a1920befda216456991e1191ad0adc63fa2a759c63');
INSERT OR REPLACE INTO User (Id, FirstName, LastName, Email, Password) Values (15,'Alecia','Bell','aleciabell768@gmail.com','pbkdf2:sha256:150000$L6s9975Z$ec5bc613e78c5aa1ff464796b50a90266a35153dbe7d9c9d8e1290dc97d17f16');
INSERT OR REPLACE INTO User (Id, FirstName, LastName, Email, Password) Values (16,'Zachary','Wang','zachwang67@gmail.com','pbkdf2:sha256:150000$x7bRVaA4$810a9e20a4b4d2557c6947db3f0fe95165ae2eb51cb940e7c800fe36d0a482fb');
INSERT OR REPLACE INTO User (Id, FirstName, LastName, Email, Password) Values (17,'Malini','Mahes','malinim2@gmail.com','pbkdf2:sha256:150000$o6WGGaI5$4705094a1469f1b418e189da707921a1508081823eb7c24c92ea5708efd7f0d2');
INSERT OR REPLACE INTO User (Id, FirstName, LastName, Email, Password) Values (18,'Gene','Wang','geniewang@gmail.com','pbkdf2:sha256:150000$XHc2xPDR$10c56c603e6de9f25bb2da355851ef791dd94a71343aa20cf5c5b6bef19b7cb7');
INSERT OR REPLACE INTO User (Id, FirstName, LastName, Email, Password) Values (19,'Chloe','Chan','chloechan1234@gmail.com','pbkdf2:sha256:150000$i1pvL73e$a9b10da13a5115bdb6d74cefe50af6389d71946cefb1777b953a5c61010cb7a9');
INSERT OR REPLACE INTO User (Id, FirstName, LastName, Email, Password) Values (20,'Phillip','Kuo','pkuo2@gmail.com','pbkdf2:sha256:150000$SruhTe41$a79d0a0c9210ae7a3a82f0f50b9531533b8fc3e3aee54764754b5d5754e291f7');
INSERT OR REPLACE INTO User (Id, FirstName, LastName, Email, Password) Values (21,'Eugenia','Chen','echen54@gmail.com','pbkdf2:sha256:150000$tNBhrbOT$3556425624dff3db69a15e76b5ead5fde79942b5a1b302cdb35810efe0cc34e9');
INSERT OR REPLACE INTO User (Id, FirstName, LastName, Email, Password) Values (22,'Evan','Eckels','evanecks2@gmail.com','pbkdf2:sha256:150000$mwH06xYD$1bde6d240a196108cb077ab0d730524d4f4a6a237119af90ac038ba81510264c');
INSERT OR REPLACE INTO User (Id, FirstName, LastName, Email, Password) Values (23,'Kendall','Hester','khesterring@gmail.com','pbkdf2:sha256:150000$NBCxFnCp$00b512b13181972a63d854f7ca207f1cdd61d2dd0a3e0e4f2f11f98899ea25a1');
INSERT OR REPLACE INTO User (Id, FirstName, LastName, Email, Password) Values (24,'Sabelle','Huang','ringmybelle@gmail.com','pbkdf2:sha256:150000$bq5cOuO3$1d3b6a6b7fef37e0687de4ba15b5e11a4ee2dd4bb9c3b164ffce5f2819113f28');
INSERT OR REPLACE INTO User (Id, FirstName, LastName, Email, Password) Values (25,'Alice','Fang','alicedancer83@gmail.com','pbkdf2:sha256:150000$oUPnXUhU$0a5de631c80d237dc6eeb09f984ccf2573d48a5becbb6b6b802a30bf1c22e279');

INSERT OR REPLACE INTO Follows (FollowerId, FolloweeId) Values (23, 4);
INSERT OR REPLACE INTO Follows (FollowerId, FolloweeId) Values (18, 2);
INSERT OR REPLACE INTO Follows (FollowerId, FolloweeId) Values (10, 9);
INSERT OR REPLACE INTO Follows (FollowerId, FolloweeId) Values (10, 18);
INSERT OR REPLACE INTO Follows (FollowerId, FolloweeId) Values (15, 14);
INSERT OR REPLACE INTO Follows (FollowerId, FolloweeId) Values (18, 23);
INSERT OR REPLACE INTO Follows (FollowerId, FolloweeId) Values (22, 12);
INSERT OR REPLACE INTO Follows (FollowerId, FolloweeId) Values (1, 22);
INSERT OR REPLACE INTO Follows (FollowerId, FolloweeId) Values (23, 24);
INSERT OR REPLACE INTO Follows (FollowerId, FolloweeId) Values (1, 12);
INSERT OR REPLACE INTO Follows (FollowerId, FolloweeId) Values (22, 15);
INSERT OR REPLACE INTO Follows (FollowerId, FolloweeId) Values (22, 8);
INSERT OR REPLACE INTO Follows (FollowerId, FolloweeId) Values (6, 24);
INSERT OR REPLACE INTO Follows (FollowerId, FolloweeId) Values (7, 16);
INSERT OR REPLACE INTO Follows (FollowerId, FolloweeId) Values (19, 3);
INSERT OR REPLACE INTO Follows (FollowerId, FolloweeId) Values (4, 21);
INSERT OR REPLACE INTO Follows (FollowerId, FolloweeId) Values (13, 21);
INSERT OR REPLACE INTO Follows (FollowerId, FolloweeId) Values (1, 6);
INSERT OR REPLACE INTO Follows (FollowerId, FolloweeId) Values (3, 19);
INSERT OR REPLACE INTO Follows (FollowerId, FolloweeId) Values (23, 7);
INSERT OR REPLACE INTO Follows (FollowerId, FolloweeId) Values (20, 10);
INSERT OR REPLACE INTO Follows (FollowerId, FolloweeId) Values (6, 11);
INSERT OR REPLACE INTO Follows (FollowerId, FolloweeId) Values (13, 16);
INSERT OR REPLACE INTO Follows (FollowerId, FolloweeId) Values (5, 22);
INSERT OR REPLACE INTO Follows (FollowerId, FolloweeId) Values (9, 20);
INSERT OR REPLACE INTO Follows (FollowerId, FolloweeId) Values (23, 17);
INSERT OR REPLACE INTO Follows (FollowerId, FolloweeId) Values (22, 3);
INSERT OR REPLACE INTO Follows (FollowerId, FolloweeId) Values (2, 20);
INSERT OR REPLACE INTO Follows (FollowerId, FolloweeId) Values (9, 8);
INSERT OR REPLACE INTO Follows (FollowerId, FolloweeId) Values (15, 1);
INSERT OR REPLACE INTO Follows (FollowerId, FolloweeId) Values (4, 21);
INSERT OR REPLACE INTO Follows (FollowerId, FolloweeId) Values (22, 15);
INSERT OR REPLACE INTO Follows (FollowerId, FolloweeId) Values (18, 20);
INSERT OR REPLACE INTO Follows (FollowerId, FolloweeId) Values (18, 24);
INSERT OR REPLACE INTO Follows (FollowerId, FolloweeId) Values (4, 7);
INSERT OR REPLACE INTO Follows (FollowerId, FolloweeId) Values (24, 23);
INSERT OR REPLACE INTO Follows (FollowerId, FolloweeId) Values (18, 19);
INSERT OR REPLACE INTO Follows (FollowerId, FolloweeId) Values (17, 7);
INSERT OR REPLACE INTO Follows (FollowerId, FolloweeId) Values (10, 16);
INSERT OR REPLACE INTO Follows (FollowerId, FolloweeId) Values (14, 16);
INSERT OR REPLACE INTO Follows (FollowerId, FolloweeId) Values (6, 12);
INSERT OR REPLACE INTO Follows (FollowerId, FolloweeId) Values (6, 2);
INSERT OR REPLACE INTO Follows (FollowerId, FolloweeId) Values (1, 13);
INSERT OR REPLACE INTO Follows (FollowerId, FolloweeId) Values (17, 5);
INSERT OR REPLACE INTO Follows (FollowerId, FolloweeId) Values (20, 16);
INSERT OR REPLACE INTO Follows (FollowerId, FolloweeId) Values (6, 9);
INSERT OR REPLACE INTO Follows (FollowerId, FolloweeId) Values (3, 11);
INSERT OR REPLACE INTO Follows (FollowerId, FolloweeId) Values (11, 13);
INSERT OR REPLACE INTO Follows (FollowerId, FolloweeId) Values (5, 10);
INSERT OR REPLACE INTO Follows (FollowerId, FolloweeId) Values (11, 3);
INSERT OR REPLACE INTO Follows (FollowerId, FolloweeId) Values (7, 20);
INSERT OR REPLACE INTO Follows (FollowerId, FolloweeId) Values (18, 10);
INSERT OR REPLACE INTO Follows (FollowerId, FolloweeId) Values (3, 11);
INSERT OR REPLACE INTO Follows (FollowerId, FolloweeId) Values (19, 6);
INSERT OR REPLACE INTO Follows (FollowerId, FolloweeId) Values (14, 3);
INSERT OR REPLACE INTO Follows (FollowerId, FolloweeId) Values (6, 22);
INSERT OR REPLACE INTO Follows (FollowerId, FolloweeId) Values (3, 7);
INSERT OR REPLACE INTO Follows (FollowerId, FolloweeId) Values (3, 10);
INSERT OR REPLACE INTO Follows (FollowerId, FolloweeId) Values (3, 18);
INSERT OR REPLACE INTO Follows (FollowerId, FolloweeId) Values (22, 1);
INSERT OR REPLACE INTO Follows (FollowerId, FolloweeId) Values (4, 1);
INSERT OR REPLACE INTO Follows (FollowerId, FolloweeId) Values (8, 17);
INSERT OR REPLACE INTO Follows (FollowerId, FolloweeId) Values (13, 6);
INSERT OR REPLACE INTO Follows (FollowerId, FolloweeId) Values (11, 3);
INSERT OR REPLACE INTO Follows (FollowerId, FolloweeId) Values (19, 9);
INSERT OR REPLACE INTO Follows (FollowerId, FolloweeId) Values (12, 5);
INSERT OR REPLACE INTO Follows (FollowerId, FolloweeId) Values (5, 3);
INSERT OR REPLACE INTO Follows (FollowerId, FolloweeId) Values (23, 8);
INSERT OR REPLACE INTO Follows (FollowerId, FolloweeId) Values (17, 15);
INSERT OR REPLACE INTO Follows (FollowerId, FolloweeId) Values (18, 9);
INSERT OR REPLACE INTO Follows (FollowerId, FolloweeId) Values (12, 1);
INSERT OR REPLACE INTO Follows (FollowerId, FolloweeId) Values (6, 20);
INSERT OR REPLACE INTO Follows (FollowerId, FolloweeId) Values (13, 9);
INSERT OR REPLACE INTO Follows (FollowerId, FolloweeId) Values (21, 10);
INSERT OR REPLACE INTO Follows (FollowerId, FolloweeId) Values (10, 7);
INSERT OR REPLACE INTO Follows (FollowerId, FolloweeId) Values (18, 19);
INSERT OR REPLACE INTO Follows (FollowerId, FolloweeId) Values (12, 15);
INSERT OR REPLACE INTO Follows (FollowerId, FolloweeId) Values (13, 11);
INSERT OR REPLACE INTO Follows (FollowerId, FolloweeId) Values (14, 9);
INSERT OR REPLACE INTO Follows (FollowerId, FolloweeId) Values (19, 16);
INSERT OR REPLACE INTO Follows (FollowerId, FolloweeId) Values (7, 20);
INSERT OR REPLACE INTO Follows (FollowerId, FolloweeId) Values (8, 15);
INSERT OR REPLACE INTO Follows (FollowerId, FolloweeId) Values (7, 14);
INSERT OR REPLACE INTO Follows (FollowerId, FolloweeId) Values (15, 6);
INSERT OR REPLACE INTO Follows (FollowerId, FolloweeId) Values (14, 10);
INSERT OR REPLACE INTO Follows (FollowerId, FolloweeId) Values (20, 2);
INSERT OR REPLACE INTO Follows (FollowerId, FolloweeId) Values (20, 13);
INSERT OR REPLACE INTO Follows (FollowerId, FolloweeId) Values (1, 16);
INSERT OR REPLACE INTO Follows (FollowerId, FolloweeId) Values (15, 17);
INSERT OR REPLACE INTO Follows (FollowerId, FolloweeId) Values (21, 20);
INSERT OR REPLACE INTO Follows (FollowerId, FolloweeId) Values (14, 20);
INSERT OR REPLACE INTO Follows (FollowerId, FolloweeId) Values (5, 23);
INSERT OR REPLACE INTO Follows (FollowerId, FolloweeId) Values (21, 1);
INSERT OR REPLACE INTO Follows (FollowerId, FolloweeId) Values (11, 4);
INSERT OR REPLACE INTO Follows (FollowerId, FolloweeId) Values (9, 22);
INSERT OR REPLACE INTO Follows (FollowerId, FolloweeId) Values (11, 6);
INSERT OR REPLACE INTO Follows (FollowerId, FolloweeId) Values (13, 5);
INSERT OR REPLACE INTO Follows (FollowerId, FolloweeId) Values (10, 2);
INSERT OR REPLACE INTO Follows (FollowerId, FolloweeId) Values (4, 13);
INSERT OR REPLACE INTO Follows (FollowerId, FolloweeId) Values (21, 18);
INSERT OR REPLACE INTO Follows (FollowerId, FolloweeId) Values (23, 9);
INSERT OR REPLACE INTO Follows (FollowerId, FolloweeId) Values (18, 11);
INSERT OR REPLACE INTO Follows (FollowerId, FolloweeId) Values (8, 5);
INSERT OR REPLACE INTO Follows (FollowerId, FolloweeId) Values (7, 13);
INSERT OR REPLACE INTO Follows (FollowerId, FolloweeId) Values (21, 15);
INSERT OR REPLACE INTO Follows (FollowerId, FolloweeId) Values (19, 2);
INSERT OR REPLACE INTO Follows (FollowerId, FolloweeId) Values (20, 16);
INSERT OR REPLACE INTO Follows (FollowerId, FolloweeId) Values (23, 3);
INSERT OR REPLACE INTO Follows (FollowerId, FolloweeId) Values (7, 24);
INSERT OR REPLACE INTO Follows (FollowerId, FolloweeId) Values (3, 13);
INSERT OR REPLACE INTO Follows (FollowerId, FolloweeId) Values (14, 7);
INSERT OR REPLACE INTO Follows (FollowerId, FolloweeId) Values (19, 10);
INSERT OR REPLACE INTO Follows (FollowerId, FolloweeId) Values (12, 16);
INSERT OR REPLACE INTO Follows (FollowerId, FolloweeId) Values (18, 4);
INSERT OR REPLACE INTO Follows (FollowerId, FolloweeId) Values (20, 4);
INSERT OR REPLACE INTO Follows (FollowerId, FolloweeId) Values (10, 1);
INSERT OR REPLACE INTO Follows (FollowerId, FolloweeId) Values (4, 15);
INSERT OR REPLACE INTO Follows (FollowerId, FolloweeId) Values (5, 7);
INSERT OR REPLACE INTO Follows (FollowerId, FolloweeId) Values (24, 15);
INSERT OR REPLACE INTO Follows (FollowerId, FolloweeId) Values (24, 23);
INSERT OR REPLACE INTO Follows (FollowerId, FolloweeId) Values (10, 12);
INSERT OR REPLACE INTO Follows (FollowerId, FolloweeId) Values (11, 7);
INSERT OR REPLACE INTO Follows (FollowerId, FolloweeId) Values (1, 9);
INSERT OR REPLACE INTO Follows (FollowerId, FolloweeId) Values (21, 1);
INSERT OR REPLACE INTO Follows (FollowerId, FolloweeId) Values (4, 16);
INSERT OR REPLACE INTO Follows (FollowerId, FolloweeId) Values (20, 5);
INSERT OR REPLACE INTO Follows (FollowerId, FolloweeId) Values (2, 23);
INSERT OR REPLACE INTO Follows (FollowerId, FolloweeId) Values (17, 8);
INSERT OR REPLACE INTO Follows (FollowerId, FolloweeId) Values (12, 23);
INSERT OR REPLACE INTO Follows (FollowerId, FolloweeId) Values (1, 24);
INSERT OR REPLACE INTO Follows (FollowerId, FolloweeId) Values (20, 24);
INSERT OR REPLACE INTO Follows (FollowerId, FolloweeId) Values (22, 3);
INSERT OR REPLACE INTO Follows (FollowerId, FolloweeId) Values (9, 4);
INSERT OR REPLACE INTO Follows (FollowerId, FolloweeId) Values (14, 2);
INSERT OR REPLACE INTO Follows (FollowerId, FolloweeId) Values (13, 2);
INSERT OR REPLACE INTO Follows (FollowerId, FolloweeId) Values (7, 6);
INSERT OR REPLACE INTO Follows (FollowerId, FolloweeId) Values (23, 3);
INSERT OR REPLACE INTO Follows (FollowerId, FolloweeId) Values (17, 14);
INSERT OR REPLACE INTO Follows (FollowerId, FolloweeId) Values (18, 6);
INSERT OR REPLACE INTO Follows (FollowerId, FolloweeId) Values (13, 12);
INSERT OR REPLACE INTO Follows (FollowerId, FolloweeId) Values (21, 4);
INSERT OR REPLACE INTO Follows (FollowerId, FolloweeId) Values (21, 10);
INSERT OR REPLACE INTO Follows (FollowerId, FolloweeId) Values (12, 18);
INSERT OR REPLACE INTO Follows (FollowerId, FolloweeId) Values (23, 12);
INSERT OR REPLACE INTO Follows (FollowerId, FolloweeId) Values (24, 11);
INSERT OR REPLACE INTO Follows (FollowerId, FolloweeId) Values (6, 5);
INSERT OR REPLACE INTO Follows (FollowerId, FolloweeId) Values (5, 14);
INSERT OR REPLACE INTO Follows (FollowerId, FolloweeId) Values (5, 3);
INSERT OR REPLACE INTO Follows (FollowerId, FolloweeId) Values (16, 17);
INSERT OR REPLACE INTO Follows (FollowerId, FolloweeId) Values (12, 14);
INSERT OR REPLACE INTO Follows (FollowerId, FolloweeId) Values (7, 3);
INSERT OR REPLACE INTO Follows (FollowerId, FolloweeId) Values (22, 18);
INSERT OR REPLACE INTO Follows (FollowerId, FolloweeId) Values (15, 22);
INSERT OR REPLACE INTO Follows (FollowerId, FolloweeId) Values (2, 9);
INSERT OR REPLACE INTO Follows (FollowerId, FolloweeId) Values (12, 3);
INSERT OR REPLACE INTO Follows (FollowerId, FolloweeId) Values (24, 4);
INSERT OR REPLACE INTO Follows (FollowerId, FolloweeId) Values (7, 2);
INSERT OR REPLACE INTO Follows (FollowerId, FolloweeId) Values (3, 11);
INSERT OR REPLACE INTO Follows (FollowerId, FolloweeId) Values (15, 16);
INSERT OR REPLACE INTO Follows (FollowerId, FolloweeId) Values (14, 12);
INSERT OR REPLACE INTO Follows (FollowerId, FolloweeId) Values (9, 20);
INSERT OR REPLACE INTO Follows (FollowerId, FolloweeId) Values (21, 4);
INSERT OR REPLACE INTO Follows (FollowerId, FolloweeId) Values (15, 9);
INSERT OR REPLACE INTO Follows (FollowerId, FolloweeId) Values (17, 22);
INSERT OR REPLACE INTO Follows (FollowerId, FolloweeId) Values (1, 20);
INSERT OR REPLACE INTO Follows (FollowerId, FolloweeId) Values (1, 13);
INSERT OR REPLACE INTO Follows (FollowerId, FolloweeId) Values (13, 22);
INSERT OR REPLACE INTO Follows (FollowerId, FolloweeId) Values (13, 23);
INSERT OR REPLACE INTO Follows (FollowerId, FolloweeId) Values (9, 23);
INSERT OR REPLACE INTO Follows (FollowerId, FolloweeId) Values (6, 16);
INSERT OR REPLACE INTO Follows (FollowerId, FolloweeId) Values (10, 2);
INSERT OR REPLACE INTO Follows (FollowerId, FolloweeId) Values (14, 8);
INSERT OR REPLACE INTO Follows (FollowerId, FolloweeId) Values (20, 18);
INSERT OR REPLACE INTO Follows (FollowerId, FolloweeId) Values (23, 16);
INSERT OR REPLACE INTO Follows (FollowerId, FolloweeId) Values (10, 7);
INSERT OR REPLACE INTO Follows (FollowerId, FolloweeId) Values (6, 5);
INSERT OR REPLACE INTO Follows (FollowerId, FolloweeId) Values (18, 15);
INSERT OR REPLACE INTO Follows (FollowerId, FolloweeId) Values (12, 13);
INSERT OR REPLACE INTO Follows (FollowerId, FolloweeId) Values (1, 2);
INSERT OR REPLACE INTO Follows (FollowerId, FolloweeId) Values (23, 14);
INSERT OR REPLACE INTO Follows (FollowerId, FolloweeId) Values (19, 10);
INSERT OR REPLACE INTO Follows (FollowerId, FolloweeId) Values (18, 11);
INSERT OR REPLACE INTO Follows (FollowerId, FolloweeId) Values (22, 13);
INSERT OR REPLACE INTO Follows (FollowerId, FolloweeId) Values (3, 18);
INSERT OR REPLACE INTO Follows (FollowerId, FolloweeId) Values (8, 9);
INSERT OR REPLACE INTO Follows (FollowerId, FolloweeId) Values (9, 10);
INSERT OR REPLACE INTO Follows (FollowerId, FolloweeId) Values (17, 22);
INSERT OR REPLACE INTO Follows (FollowerId, FolloweeId) Values (6, 22);
INSERT OR REPLACE INTO Follows (FollowerId, FolloweeId) Values (14, 3);
INSERT OR REPLACE INTO Follows (FollowerId, FolloweeId) Values (12, 15);
INSERT OR REPLACE INTO Follows (FollowerId, FolloweeId) Values (16, 10);
INSERT OR REPLACE INTO Follows (FollowerId, FolloweeId) Values (3, 5);
INSERT OR REPLACE INTO Follows (FollowerId, FolloweeId) Values (9, 22);
INSERT OR REPLACE INTO Follows (FollowerId, FolloweeId) Values (1, 13);
INSERT OR REPLACE INTO Follows (FollowerId, FolloweeId) Values (5, 23);
INSERT OR REPLACE INTO Follows (FollowerId, FolloweeId) Values (2, 6);
INSERT OR REPLACE INTO Follows (FollowerId, FolloweeId) Values (1, 12);
INSERT OR REPLACE INTO Follows (FollowerId, FolloweeId) Values (11, 2);
INSERT OR REPLACE INTO Follows (FollowerId, FolloweeId) Values (15, 19);
INSERT OR REPLACE INTO Follows (FollowerId, FolloweeId) Values (18, 2);
INSERT OR REPLACE INTO Follows (FollowerId, FolloweeId) Values (16, 21);
INSERT OR REPLACE INTO Follows (FollowerId, FolloweeId) Values (21, 6);
INSERT OR REPLACE INTO Follows (FollowerId, FolloweeId) Values (20, 22);
INSERT OR REPLACE INTO Follows (FollowerId, FolloweeId) Values (3, 8);
INSERT OR REPLACE INTO Follows (FollowerId, FolloweeId) Values (16, 7);
INSERT OR REPLACE INTO Follows (FollowerId, FolloweeId) Values (18, 16);
INSERT OR REPLACE INTO Follows (FollowerId, FolloweeId) Values (17, 12);
INSERT OR REPLACE INTO Follows (FollowerId, FolloweeId) Values (24, 8);
INSERT OR REPLACE INTO Follows (FollowerId, FolloweeId) Values (15, 8);
INSERT OR REPLACE INTO Follows (FollowerId, FolloweeId) Values (2, 6);
INSERT OR REPLACE INTO Follows (FollowerId, FolloweeId) Values (16, 20);
INSERT OR REPLACE INTO Follows (FollowerId, FolloweeId) Values (20, 5);
INSERT OR REPLACE INTO Follows (FollowerId, FolloweeId) Values (19, 10);
INSERT OR REPLACE INTO Follows (FollowerId, FolloweeId) Values (21, 10);
INSERT OR REPLACE INTO Follows (FollowerId, FolloweeId) Values (22, 9);
INSERT OR REPLACE INTO Follows (FollowerId, FolloweeId) Values (21, 18);
INSERT OR REPLACE INTO Follows (FollowerId, FolloweeId) Values (21, 5);
INSERT OR REPLACE INTO Follows (FollowerId, FolloweeId) Values (23, 7);
INSERT OR REPLACE INTO Follows (FollowerId, FolloweeId) Values (3, 8);
INSERT OR REPLACE INTO Follows (FollowerId, FolloweeId) Values (13, 8);
INSERT OR REPLACE INTO Follows (FollowerId, FolloweeId) Values (15, 4);
INSERT OR REPLACE INTO Follows (FollowerId, FolloweeId) Values (8, 20);
INSERT OR REPLACE INTO Follows (FollowerId, FolloweeId) Values (13, 7);
INSERT OR REPLACE INTO Follows (FollowerId, FolloweeId) Values (22, 21);
INSERT OR REPLACE INTO Follows (FollowerId, FolloweeId) Values (16, 12);
INSERT OR REPLACE INTO Follows (FollowerId, FolloweeId) Values (15, 10);
INSERT OR REPLACE INTO Follows (FollowerId, FolloweeId) Values (4, 23);
INSERT OR REPLACE INTO Follows (FollowerId, FolloweeId) Values (8, 14);
INSERT OR REPLACE INTO Follows (FollowerId, FolloweeId) Values (15, 23);
INSERT OR REPLACE INTO Follows (FollowerId, FolloweeId) Values (24, 19);
INSERT OR REPLACE INTO Follows (FollowerId, FolloweeId) Values (7, 8);
INSERT OR REPLACE INTO Follows (FollowerId, FolloweeId) Values (1, 19);
INSERT OR REPLACE INTO Follows (FollowerId, FolloweeId) Values (19, 3);
INSERT OR REPLACE INTO Follows (FollowerId, FolloweeId) Values (2, 23);
INSERT OR REPLACE INTO Follows (FollowerId, FolloweeId) Values (13, 14);
INSERT OR REPLACE INTO Follows (FollowerId, FolloweeId) Values (14, 3);
INSERT OR REPLACE INTO Follows (FollowerId, FolloweeId) Values (1, 16);
INSERT OR REPLACE INTO Follows (FollowerId, FolloweeId) Values (20, 11);
INSERT OR REPLACE INTO Follows (FollowerId, FolloweeId) Values (15, 14);
INSERT OR REPLACE INTO Follows (FollowerId, FolloweeId) Values (10, 4);
INSERT OR REPLACE INTO Follows (FollowerId, FolloweeId) Values (12, 22);
INSERT OR REPLACE INTO Follows (FollowerId, FolloweeId) Values (12, 8);
INSERT OR REPLACE INTO Follows (FollowerId, FolloweeId) Values (8, 10);
INSERT OR REPLACE INTO Follows (FollowerId, FolloweeId) Values (19, 16);
INSERT OR REPLACE INTO Follows (FollowerId, FolloweeId) Values (20, 2);
INSERT OR REPLACE INTO Follows (FollowerId, FolloweeId) Values (3, 14);
INSERT OR REPLACE INTO Follows (FollowerId, FolloweeId) Values (24, 12);
INSERT OR REPLACE INTO Follows (FollowerId, FolloweeId) Values (1, 22);
INSERT OR REPLACE INTO Follows (FollowerId, FolloweeId) Values (15, 17);
INSERT OR REPLACE INTO Follows (FollowerId, FolloweeId) Values (19, 4);
INSERT OR REPLACE INTO Follows (FollowerId, FolloweeId) Values (17, 18);
INSERT OR REPLACE INTO Follows (FollowerId, FolloweeId) Values (21, 13);
INSERT OR REPLACE INTO Follows (FollowerId, FolloweeId) Values (24, 8);
INSERT OR REPLACE INTO Follows (FollowerId, FolloweeId) Values (9, 20);
INSERT OR REPLACE INTO Follows (FollowerId, FolloweeId) Values (24, 15);
INSERT OR REPLACE INTO Follows (FollowerId, FolloweeId) Values (7, 8);
INSERT OR REPLACE INTO Follows (FollowerId, FolloweeId) Values (15, 9);
INSERT OR REPLACE INTO Follows (FollowerId, FolloweeId) Values (15, 8);
INSERT OR REPLACE INTO Follows (FollowerId, FolloweeId) Values (6, 4);
INSERT OR REPLACE INTO Follows (FollowerId, FolloweeId) Values (17, 4);
INSERT OR REPLACE INTO Follows (FollowerId, FolloweeId) Values (10, 3);
INSERT OR REPLACE INTO Follows (FollowerId, FolloweeId) Values (13, 2);
INSERT OR REPLACE INTO Follows (FollowerId, FolloweeId) Values (24, 10);
INSERT OR REPLACE INTO Follows (FollowerId, FolloweeId) Values (6, 22);
INSERT OR REPLACE INTO Follows (FollowerId, FolloweeId) Values (8, 1);
INSERT OR REPLACE INTO Follows (FollowerId, FolloweeId) Values (16, 17);
INSERT OR REPLACE INTO Follows (FollowerId, FolloweeId) Values (5, 22);
INSERT OR REPLACE INTO Follows (FollowerId, FolloweeId) Values (3, 4);
INSERT OR REPLACE INTO Follows (FollowerId, FolloweeId) Values (5, 13);
INSERT OR REPLACE INTO Follows (FollowerId, FolloweeId) Values (1, 4);
INSERT OR REPLACE INTO Follows (FollowerId, FolloweeId) Values (11, 17);
INSERT OR REPLACE INTO Follows (FollowerId, FolloweeId) Values (12, 14);
INSERT OR REPLACE INTO Follows (FollowerId, FolloweeId) Values (7, 4);
INSERT OR REPLACE INTO Follows (FollowerId, FolloweeId) Values (13, 11);
INSERT OR REPLACE INTO Follows (FollowerId, FolloweeId) Values (18, 9);
INSERT OR REPLACE INTO Follows (FollowerId, FolloweeId) Values (4, 17);
INSERT OR REPLACE INTO Follows (FollowerId, FolloweeId) Values (11, 16);
INSERT OR REPLACE INTO Follows (FollowerId, FolloweeId) Values (4, 16);
INSERT OR REPLACE INTO Follows (FollowerId, FolloweeId) Values (16, 2);
INSERT OR REPLACE INTO Follows (FollowerId, FolloweeId) Values (11, 16);
INSERT OR REPLACE INTO Follows (FollowerId, FolloweeId) Values (12, 11);
INSERT OR REPLACE INTO Follows (FollowerId, FolloweeId) Values (15, 14);
INSERT OR REPLACE INTO Follows (FollowerId, FolloweeId) Values (8, 12);
INSERT OR REPLACE INTO Follows (FollowerId, FolloweeId) Values (22, 15);
INSERT OR REPLACE INTO Follows (FollowerId, FolloweeId) Values (19, 15);
INSERT OR REPLACE INTO Follows (FollowerId, FolloweeId) Values (14, 6);
INSERT OR REPLACE INTO Follows (FollowerId, FolloweeId) Values (20, 4);
INSERT OR REPLACE INTO Follows (FollowerId, FolloweeId) Values (21, 22);
INSERT OR REPLACE INTO Follows (FollowerId, FolloweeId) Values (14, 5);
INSERT OR REPLACE INTO Follows (FollowerId, FolloweeId) Values (13, 17);
INSERT OR REPLACE INTO Follows (FollowerId, FolloweeId) Values (1, 2);
INSERT OR REPLACE INTO Follows (FollowerId, FolloweeId) Values (21, 18);
INSERT OR REPLACE INTO Follows (FollowerId, FolloweeId) Values (23, 21);
INSERT OR REPLACE INTO Follows (FollowerId, FolloweeId) Values (3, 13);
INSERT OR REPLACE INTO Follows (FollowerId, FolloweeId) Values (23, 14);
INSERT OR REPLACE INTO Follows (FollowerId, FolloweeId) Values (9, 3);
INSERT OR REPLACE INTO Follows (FollowerId, FolloweeId) Values (17, 4);
INSERT OR REPLACE INTO Follows (FollowerId, FolloweeId) Values (3, 12);
INSERT OR REPLACE INTO Follows (FollowerId, FolloweeId) Values (20, 23);
INSERT OR REPLACE INTO Follows (FollowerId, FolloweeId) Values (19, 6);

INSERT OR REPLACE INTO Likes (UserId, SongId) Values (19, 6);
INSERT OR REPLACE INTO Likes (UserId, SongId) Values (1, 27);
INSERT OR REPLACE INTO Likes (UserId, SongId) Values (3, 58);
INSERT OR REPLACE INTO Likes (UserId, SongId) Values (8, 8);
INSERT OR REPLACE INTO Likes (UserId, SongId) Values (3, 76);
INSERT OR REPLACE INTO Likes (UserId, SongId) Values (18, 66);
INSERT OR REPLACE INTO Likes (UserId, SongId) Values (10, 84);
INSERT OR REPLACE INTO Likes (UserId, SongId) Values (8, 90);
INSERT OR REPLACE INTO Likes (UserId, SongId) Values (24, 80);
INSERT OR REPLACE INTO Likes (UserId, SongId) Values (10, 85);
INSERT OR REPLACE INTO Likes (UserId, SongId) Values (7, 58);
INSERT OR REPLACE INTO Likes (UserId, SongId) Values (15, 9);
INSERT OR REPLACE INTO Likes (UserId, SongId) Values (18, 28);
INSERT OR REPLACE INTO Likes (UserId, SongId) Values (24, 91);
INSERT OR REPLACE INTO Likes (UserId, SongId) Values (20, 65);
INSERT OR REPLACE INTO Likes (UserId, SongId) Values (14, 22);
INSERT OR REPLACE INTO Likes (UserId, SongId) Values (10, 58);
INSERT OR REPLACE INTO Likes (UserId, SongId) Values (11, 97);
INSERT OR REPLACE INTO Likes (UserId, SongId) Values (19, 85);
INSERT OR REPLACE INTO Likes (UserId, SongId) Values (15, 64);
INSERT OR REPLACE INTO Likes (UserId, SongId) Values (1, 72);
INSERT OR REPLACE INTO Likes (UserId, SongId) Values (8, 81);
INSERT OR REPLACE INTO Likes (UserId, SongId) Values (22, 52);
INSERT OR REPLACE INTO Likes (UserId, SongId) Values (5, 99);
INSERT OR REPLACE INTO Likes (UserId, SongId) Values (4, 65);
INSERT OR REPLACE INTO Likes (UserId, SongId) Values (24, 39);
INSERT OR REPLACE INTO Likes (UserId, SongId) Values (19, 43);
INSERT OR REPLACE INTO Likes (UserId, SongId) Values (24, 78);
INSERT OR REPLACE INTO Likes (UserId, SongId) Values (7, 43);
INSERT OR REPLACE INTO Likes (UserId, SongId) Values (21, 93);
INSERT OR REPLACE INTO Likes (UserId, SongId) Values (20, 25);
INSERT OR REPLACE INTO Likes (UserId, SongId) Values (3, 3);
INSERT OR REPLACE INTO Likes (UserId, SongId) Values (4, 32);
INSERT OR REPLACE INTO Likes (UserId, SongId) Values (19, 36);
INSERT OR REPLACE INTO Likes (UserId, SongId) Values (10, 16);
INSERT OR REPLACE INTO Likes (UserId, SongId) Values (1, 70);
INSERT OR REPLACE INTO Likes (UserId, SongId) Values (16, 88);
INSERT OR REPLACE INTO Likes (UserId, SongId) Values (3, 36);
INSERT OR REPLACE INTO Likes (UserId, SongId) Values (13, 32);
INSERT OR REPLACE INTO Likes (UserId, SongId) Values (7, 35);
INSERT OR REPLACE INTO Likes (UserId, SongId) Values (18, 98);
INSERT OR REPLACE INTO Likes (UserId, SongId) Values (6, 66);
INSERT OR REPLACE INTO Likes (UserId, SongId) Values (4, 4);
INSERT OR REPLACE INTO Likes (UserId, SongId) Values (15, 40);
INSERT OR REPLACE INTO Likes (UserId, SongId) Values (5, 64);
INSERT OR REPLACE INTO Likes (UserId, SongId) Values (15, 84);
INSERT OR REPLACE INTO Likes (UserId, SongId) Values (1, 63);
INSERT OR REPLACE INTO Likes (UserId, SongId) Values (8, 93);
INSERT OR REPLACE INTO Likes (UserId, SongId) Values (10, 29);
INSERT OR REPLACE INTO Likes (UserId, SongId) Values (9, 18);
INSERT OR REPLACE INTO Likes (UserId, SongId) Values (12, 65);
INSERT OR REPLACE INTO Likes (UserId, SongId) Values (15, 65);
INSERT OR REPLACE INTO Likes (UserId, SongId) Values (6, 22);
INSERT OR REPLACE INTO Likes (UserId, SongId) Values (6, 80);
INSERT OR REPLACE INTO Likes (UserId, SongId) Values (2, 49);
INSERT OR REPLACE INTO Likes (UserId, SongId) Values (8, 11);
INSERT OR REPLACE INTO Likes (UserId, SongId) Values (21, 77);
INSERT OR REPLACE INTO Likes (UserId, SongId) Values (17, 14);
INSERT OR REPLACE INTO Likes (UserId, SongId) Values (4, 65);
INSERT OR REPLACE INTO Likes (UserId, SongId) Values (14, 87);
INSERT OR REPLACE INTO Likes (UserId, SongId) Values (9, 57);
INSERT OR REPLACE INTO Likes (UserId, SongId) Values (21, 23);
INSERT OR REPLACE INTO Likes (UserId, SongId) Values (21, 73);
INSERT OR REPLACE INTO Likes (UserId, SongId) Values (18, 13);
INSERT OR REPLACE INTO Likes (UserId, SongId) Values (18, 18);
INSERT OR REPLACE INTO Likes (UserId, SongId) Values (18, 75);
INSERT OR REPLACE INTO Likes (UserId, SongId) Values (8, 84);
INSERT OR REPLACE INTO Likes (UserId, SongId) Values (18, 94);
INSERT OR REPLACE INTO Likes (UserId, SongId) Values (6, 43);
INSERT OR REPLACE INTO Likes (UserId, SongId) Values (19, 96);
INSERT OR REPLACE INTO Likes (UserId, SongId) Values (16, 23);
INSERT OR REPLACE INTO Likes (UserId, SongId) Values (16, 91);
INSERT OR REPLACE INTO Likes (UserId, SongId) Values (1, 15);
INSERT OR REPLACE INTO Likes (UserId, SongId) Values (1, 72);
INSERT OR REPLACE INTO Likes (UserId, SongId) Values (20, 41);
INSERT OR REPLACE INTO Likes (UserId, SongId) Values (7, 55);
INSERT OR REPLACE INTO Likes (UserId, SongId) Values (21, 4);
INSERT OR REPLACE INTO Likes (UserId, SongId) Values (17, 9);
INSERT OR REPLACE INTO Likes (UserId, SongId) Values (3, 78);
INSERT OR REPLACE INTO Likes (UserId, SongId) Values (8, 34);
INSERT OR REPLACE INTO Likes (UserId, SongId) Values (5, 64);
INSERT OR REPLACE INTO Likes (UserId, SongId) Values (15, 85);
INSERT OR REPLACE INTO Likes (UserId, SongId) Values (7, 39);
INSERT OR REPLACE INTO Likes (UserId, SongId) Values (11, 90);
INSERT OR REPLACE INTO Likes (UserId, SongId) Values (13, 60);
INSERT OR REPLACE INTO Likes (UserId, SongId) Values (19, 91);
INSERT OR REPLACE INTO Likes (UserId, SongId) Values (12, 34);
INSERT OR REPLACE INTO Likes (UserId, SongId) Values (15, 57);
INSERT OR REPLACE INTO Likes (UserId, SongId) Values (10, 68);
INSERT OR REPLACE INTO Likes (UserId, SongId) Values (14, 52);
INSERT OR REPLACE INTO Likes (UserId, SongId) Values (10, 14);
INSERT OR REPLACE INTO Likes (UserId, SongId) Values (7, 39);
INSERT OR REPLACE INTO Likes (UserId, SongId) Values (14, 28);
INSERT OR REPLACE INTO Likes (UserId, SongId) Values (12, 91);
INSERT OR REPLACE INTO Likes (UserId, SongId) Values (16, 12);
INSERT OR REPLACE INTO Likes (UserId, SongId) Values (18, 84);
INSERT OR REPLACE INTO Likes (UserId, SongId) Values (13, 29);
INSERT OR REPLACE INTO Likes (UserId, SongId) Values (7, 82);
INSERT OR REPLACE INTO Likes (UserId, SongId) Values (6, 12);
INSERT OR REPLACE INTO Likes (UserId, SongId) Values (18, 99);
INSERT OR REPLACE INTO Likes (UserId, SongId) Values (11, 61);
INSERT OR REPLACE INTO Likes (UserId, SongId) Values (23, 7);
INSERT OR REPLACE INTO Likes (UserId, SongId) Values (20, 22);
INSERT OR REPLACE INTO Likes (UserId, SongId) Values (5, 14);
INSERT OR REPLACE INTO Likes (UserId, SongId) Values (2, 1);
INSERT OR REPLACE INTO Likes (UserId, SongId) Values (3, 37);
INSERT OR REPLACE INTO Likes (UserId, SongId) Values (2, 28);
INSERT OR REPLACE INTO Likes (UserId, SongId) Values (23, 23);
INSERT OR REPLACE INTO Likes (UserId, SongId) Values (7, 53);
INSERT OR REPLACE INTO Likes (UserId, SongId) Values (6, 54);
INSERT OR REPLACE INTO Likes (UserId, SongId) Values (9, 12);
INSERT OR REPLACE INTO Likes (UserId, SongId) Values (8, 52);
INSERT OR REPLACE INTO Likes (UserId, SongId) Values (22, 81);
INSERT OR REPLACE INTO Likes (UserId, SongId) Values (4, 44);
INSERT OR REPLACE INTO Likes (UserId, SongId) Values (17, 71);
INSERT OR REPLACE INTO Likes (UserId, SongId) Values (5, 47);
INSERT OR REPLACE INTO Likes (UserId, SongId) Values (12, 73);
INSERT OR REPLACE INTO Likes (UserId, SongId) Values (23, 88);
INSERT OR REPLACE INTO Likes (UserId, SongId) Values (19, 5);
INSERT OR REPLACE INTO Likes (UserId, SongId) Values (12, 28);
INSERT OR REPLACE INTO Likes (UserId, SongId) Values (10, 57);
INSERT OR REPLACE INTO Likes (UserId, SongId) Values (9, 94);
INSERT OR REPLACE INTO Likes (UserId, SongId) Values (22, 76);
INSERT OR REPLACE INTO Likes (UserId, SongId) Values (19, 25);
INSERT OR REPLACE INTO Likes (UserId, SongId) Values (10, 6);
INSERT OR REPLACE INTO Likes (UserId, SongId) Values (2, 23);
INSERT OR REPLACE INTO Likes (UserId, SongId) Values (21, 21);
INSERT OR REPLACE INTO Likes (UserId, SongId) Values (20, 79);
INSERT OR REPLACE INTO Likes (UserId, SongId) Values (2, 54);
INSERT OR REPLACE INTO Likes (UserId, SongId) Values (12, 15);
INSERT OR REPLACE INTO Likes (UserId, SongId) Values (4, 62);
INSERT OR REPLACE INTO Likes (UserId, SongId) Values (2, 92);
INSERT OR REPLACE INTO Likes (UserId, SongId) Values (24, 9);
INSERT OR REPLACE INTO Likes (UserId, SongId) Values (8, 99);
INSERT OR REPLACE INTO Likes (UserId, SongId) Values (8, 41);
INSERT OR REPLACE INTO Likes (UserId, SongId) Values (3, 89);
INSERT OR REPLACE INTO Likes (UserId, SongId) Values (7, 90);
INSERT OR REPLACE INTO Likes (UserId, SongId) Values (6, 51);
INSERT OR REPLACE INTO Likes (UserId, SongId) Values (11, 9);
INSERT OR REPLACE INTO Likes (UserId, SongId) Values (22, 9);
INSERT OR REPLACE INTO Likes (UserId, SongId) Values (3, 14);
INSERT OR REPLACE INTO Likes (UserId, SongId) Values (24, 78);
INSERT OR REPLACE INTO Likes (UserId, SongId) Values (14, 65);
INSERT OR REPLACE INTO Likes (UserId, SongId) Values (21, 15);
INSERT OR REPLACE INTO Likes (UserId, SongId) Values (5, 33);
INSERT OR REPLACE INTO Likes (UserId, SongId) Values (13, 11);
INSERT OR REPLACE INTO Likes (UserId, SongId) Values (13, 54);
INSERT OR REPLACE INTO Likes (UserId, SongId) Values (21, 9);
INSERT OR REPLACE INTO Likes (UserId, SongId) Values (21, 72);
INSERT OR REPLACE INTO Likes (UserId, SongId) Values (14, 64);
INSERT OR REPLACE INTO Likes (UserId, SongId) Values (5, 61);
INSERT OR REPLACE INTO Likes (UserId, SongId) Values (19, 91);
INSERT OR REPLACE INTO Likes (UserId, SongId) Values (21, 78);
INSERT OR REPLACE INTO Likes (UserId, SongId) Values (2, 26);
INSERT OR REPLACE INTO Likes (UserId, SongId) Values (19, 57);
INSERT OR REPLACE INTO Likes (UserId, SongId) Values (20, 89);
INSERT OR REPLACE INTO Likes (UserId, SongId) Values (13, 14);
INSERT OR REPLACE INTO Likes (UserId, SongId) Values (22, 54);
INSERT OR REPLACE INTO Likes (UserId, SongId) Values (10, 49);
INSERT OR REPLACE INTO Likes (UserId, SongId) Values (17, 1);
INSERT OR REPLACE INTO Likes (UserId, SongId) Values (20, 25);
INSERT OR REPLACE INTO Likes (UserId, SongId) Values (1, 20);
INSERT OR REPLACE INTO Likes (UserId, SongId) Values (10, 53);
INSERT OR REPLACE INTO Likes (UserId, SongId) Values (16, 13);
INSERT OR REPLACE INTO Likes (UserId, SongId) Values (2, 78);
INSERT OR REPLACE INTO Likes (UserId, SongId) Values (9, 68);
INSERT OR REPLACE INTO Likes (UserId, SongId) Values (13, 98);
INSERT OR REPLACE INTO Likes (UserId, SongId) Values (18, 84);
INSERT OR REPLACE INTO Likes (UserId, SongId) Values (8, 52);
INSERT OR REPLACE INTO Likes (UserId, SongId) Values (7, 43);
INSERT OR REPLACE INTO Likes (UserId, SongId) Values (12, 93);
INSERT OR REPLACE INTO Likes (UserId, SongId) Values (24, 73);
INSERT OR REPLACE INTO Likes (UserId, SongId) Values (13, 79);
INSERT OR REPLACE INTO Likes (UserId, SongId) Values (2, 77);
INSERT OR REPLACE INTO Likes (UserId, SongId) Values (24, 52);
INSERT OR REPLACE INTO Likes (UserId, SongId) Values (23, 30);
INSERT OR REPLACE INTO Likes (UserId, SongId) Values (3, 5);
INSERT OR REPLACE INTO Likes (UserId, SongId) Values (3, 83);
INSERT OR REPLACE INTO Likes (UserId, SongId) Values (6, 15);
INSERT OR REPLACE INTO Likes (UserId, SongId) Values (4, 28);
INSERT OR REPLACE INTO Likes (UserId, SongId) Values (6, 70);
INSERT OR REPLACE INTO Likes (UserId, SongId) Values (2, 14);
INSERT OR REPLACE INTO Likes (UserId, SongId) Values (20, 73);
INSERT OR REPLACE INTO Likes (UserId, SongId) Values (17, 20);
INSERT OR REPLACE INTO Likes (UserId, SongId) Values (8, 96);
INSERT OR REPLACE INTO Likes (UserId, SongId) Values (16, 81);
INSERT OR REPLACE INTO Likes (UserId, SongId) Values (2, 99);
INSERT OR REPLACE INTO Likes (UserId, SongId) Values (14, 62);
INSERT OR REPLACE INTO Likes (UserId, SongId) Values (8, 12);
INSERT OR REPLACE INTO Likes (UserId, SongId) Values (7, 23);
INSERT OR REPLACE INTO Likes (UserId, SongId) Values (24, 67);
INSERT OR REPLACE INTO Likes (UserId, SongId) Values (10, 29);
INSERT OR REPLACE INTO Likes (UserId, SongId) Values (23, 32);
INSERT OR REPLACE INTO Likes (UserId, SongId) Values (17, 88);
INSERT OR REPLACE INTO Likes (UserId, SongId) Values (6, 6);
INSERT OR REPLACE INTO Likes (UserId, SongId) Values (13, 55);
INSERT OR REPLACE INTO Likes (UserId, SongId) Values (19, 54);
INSERT OR REPLACE INTO Likes (UserId, SongId) Values (22, 27);
INSERT OR REPLACE INTO Likes (UserId, SongId) Values (10, 54);
INSERT OR REPLACE INTO Likes (UserId, SongId) Values (7, 53);
INSERT OR REPLACE INTO Likes (UserId, SongId) Values (23, 38);
INSERT OR REPLACE INTO Likes (UserId, SongId) Values (16, 27);
INSERT OR REPLACE INTO Likes (UserId, SongId) Values (6, 2);
INSERT OR REPLACE INTO Likes (UserId, SongId) Values (24, 51);
INSERT OR REPLACE INTO Likes (UserId, SongId) Values (2, 46);
INSERT OR REPLACE INTO Likes (UserId, SongId) Values (13, 94);
INSERT OR REPLACE INTO Likes (UserId, SongId) Values (15, 25);
INSERT OR REPLACE INTO Likes (UserId, SongId) Values (6, 12);
INSERT OR REPLACE INTO Likes (UserId, SongId) Values (20, 75);
INSERT OR REPLACE INTO Likes (UserId, SongId) Values (12, 32);
INSERT OR REPLACE INTO Likes (UserId, SongId) Values (11, 34);
INSERT OR REPLACE INTO Likes (UserId, SongId) Values (9, 95);
INSERT OR REPLACE INTO Likes (UserId, SongId) Values (12, 1);
INSERT OR REPLACE INTO Likes (UserId, SongId) Values (7, 21);
INSERT OR REPLACE INTO Likes (UserId, SongId) Values (4, 49);
INSERT OR REPLACE INTO Likes (UserId, SongId) Values (5, 42);
INSERT OR REPLACE INTO Likes (UserId, SongId) Values (8, 53);
INSERT OR REPLACE INTO Likes (UserId, SongId) Values (13, 93);
INSERT OR REPLACE INTO Likes (UserId, SongId) Values (18, 32);
INSERT OR REPLACE INTO Likes (UserId, SongId) Values (24, 48);
INSERT OR REPLACE INTO Likes (UserId, SongId) Values (6, 46);
INSERT OR REPLACE INTO Likes (UserId, SongId) Values (21, 37);
INSERT OR REPLACE INTO Likes (UserId, SongId) Values (1, 66);
INSERT OR REPLACE INTO Likes (UserId, SongId) Values (10, 52);
INSERT OR REPLACE INTO Likes (UserId, SongId) Values (22, 27);
INSERT OR REPLACE INTO Likes (UserId, SongId) Values (6, 63);
INSERT OR REPLACE INTO Likes (UserId, SongId) Values (13, 77);
INSERT OR REPLACE INTO Likes (UserId, SongId) Values (16, 54);
INSERT OR REPLACE INTO Likes (UserId, SongId) Values (14, 64);
INSERT OR REPLACE INTO Likes (UserId, SongId) Values (22, 3);
INSERT OR REPLACE INTO Likes (UserId, SongId) Values (14, 69);
INSERT OR REPLACE INTO Likes (UserId, SongId) Values (5, 84);
INSERT OR REPLACE INTO Likes (UserId, SongId) Values (10, 6);
INSERT OR REPLACE INTO Likes (UserId, SongId) Values (7, 52);
INSERT OR REPLACE INTO Likes (UserId, SongId) Values (22, 48);
INSERT OR REPLACE INTO Likes (UserId, SongId) Values (9, 61);
INSERT OR REPLACE INTO Likes (UserId, SongId) Values (10, 71);
INSERT OR REPLACE INTO Likes (UserId, SongId) Values (12, 43);
INSERT OR REPLACE INTO Likes (UserId, SongId) Values (24, 24);
INSERT OR REPLACE INTO Likes (UserId, SongId) Values (9, 29);
INSERT OR REPLACE INTO Likes (UserId, SongId) Values (12, 96);
INSERT OR REPLACE INTO Likes (UserId, SongId) Values (19, 29);
INSERT OR REPLACE INTO Likes (UserId, SongId) Values (2, 72);
INSERT OR REPLACE INTO Likes (UserId, SongId) Values (22, 56);
INSERT OR REPLACE INTO Likes (UserId, SongId) Values (14, 65);
INSERT OR REPLACE INTO Likes (UserId, SongId) Values (12, 20);
INSERT OR REPLACE INTO Likes (UserId, SongId) Values (23, 1);
INSERT OR REPLACE INTO Likes (UserId, SongId) Values (21, 85);
INSERT OR REPLACE INTO Likes (UserId, SongId) Values (2, 95);
INSERT OR REPLACE INTO Likes (UserId, SongId) Values (17, 55);
INSERT OR REPLACE INTO Likes (UserId, SongId) Values (17, 96);
INSERT OR REPLACE INTO Likes (UserId, SongId) Values (21, 64);
INSERT OR REPLACE INTO Likes (UserId, SongId) Values (23, 39);
INSERT OR REPLACE INTO Likes (UserId, SongId) Values (2, 34);
INSERT OR REPLACE INTO Likes (UserId, SongId) Values (16, 76);
INSERT OR REPLACE INTO Likes (UserId, SongId) Values (7, 88);
INSERT OR REPLACE INTO Likes (UserId, SongId) Values (6, 52);
INSERT OR REPLACE INTO Likes (UserId, SongId) Values (5, 35);
INSERT OR REPLACE INTO Likes (UserId, SongId) Values (10, 42);
INSERT OR REPLACE INTO Likes (UserId, SongId) Values (19, 72);
INSERT OR REPLACE INTO Likes (UserId, SongId) Values (15, 19);
INSERT OR REPLACE INTO Likes (UserId, SongId) Values (19, 52);
INSERT OR REPLACE INTO Likes (UserId, SongId) Values (7, 45);
INSERT OR REPLACE INTO Likes (UserId, SongId) Values (10, 44);
INSERT OR REPLACE INTO Likes (UserId, SongId) Values (16, 38);
INSERT OR REPLACE INTO Likes (UserId, SongId) Values (10, 25);
INSERT OR REPLACE INTO Likes (UserId, SongId) Values (2, 89);
INSERT OR REPLACE INTO Likes (UserId, SongId) Values (19, 32);
INSERT OR REPLACE INTO Likes (UserId, SongId) Values (11, 83);
INSERT OR REPLACE INTO Likes (UserId, SongId) Values (3, 28);
INSERT OR REPLACE INTO Likes (UserId, SongId) Values (17, 57);
INSERT OR REPLACE INTO Likes (UserId, SongId) Values (4, 66);
INSERT OR REPLACE INTO Likes (UserId, SongId) Values (8, 59);
INSERT OR REPLACE INTO Likes (UserId, SongId) Values (8, 70);
INSERT OR REPLACE INTO Likes (UserId, SongId) Values (22, 71);
INSERT OR REPLACE INTO Likes (UserId, SongId) Values (12, 72);
INSERT OR REPLACE INTO Likes (UserId, SongId) Values (18, 40);
INSERT OR REPLACE INTO Likes (UserId, SongId) Values (19, 45);
INSERT OR REPLACE INTO Likes (UserId, SongId) Values (17, 65);
INSERT OR REPLACE INTO Likes (UserId, SongId) Values (22, 21);
INSERT OR REPLACE INTO Likes (UserId, SongId) Values (15, 9);
INSERT OR REPLACE INTO Likes (UserId, SongId) Values (1, 59);
INSERT OR REPLACE INTO Likes (UserId, SongId) Values (15, 9);
INSERT OR REPLACE INTO Likes (UserId, SongId) Values (7, 16);
INSERT OR REPLACE INTO Likes (UserId, SongId) Values (19, 81);
INSERT OR REPLACE INTO Likes (UserId, SongId) Values (5, 19);
INSERT OR REPLACE INTO Likes (UserId, SongId) Values (9, 9);
INSERT OR REPLACE INTO Likes (UserId, SongId) Values (23, 62);
INSERT OR REPLACE INTO Likes (UserId, SongId) Values (2, 20);
INSERT OR REPLACE INTO Likes (UserId, SongId) Values (12, 57);
INSERT OR REPLACE INTO Likes (UserId, SongId) Values (1, 75);
INSERT OR REPLACE INTO Likes (UserId, SongId) Values (3, 21);
INSERT OR REPLACE INTO Likes (UserId, SongId) Values (22, 72);
INSERT OR REPLACE INTO Likes (UserId, SongId) Values (15, 24);
INSERT OR REPLACE INTO Likes (UserId, SongId) Values (20, 4);
INSERT OR REPLACE INTO Likes (UserId, SongId) Values (22, 86);
INSERT OR REPLACE INTO Likes (UserId, SongId) Values (3, 27);
INSERT OR REPLACE INTO Likes (UserId, SongId) Values (12, 66);
INSERT OR REPLACE INTO Likes (UserId, SongId) Values (19, 48);
INSERT OR REPLACE INTO Likes (UserId, SongId) Values (5, 67);
INSERT OR REPLACE INTO Likes (UserId, SongId) Values (23, 11);
